CREATE TABLE persons (id VARCHAR(255) NOT NULL,fullName VARCHAR(64) NOT NULL,birthday DATE,PRIMARY KEY(id));
CREATE TABLE genres (id VARCHAR(255) NOT NULL,name VARCHAR(64) NOT NULL,PRIMARY KEY(id));
CREATE TABLE roles (id VARCHAR(255) NOT NULL,name VARCHAR(64) NOT NULL,PRIMARY KEY(id));
CREATE TABLE movies (id VARCHAR(255) NOT NULL, director_id VARCHAR(255) DEFAULT NULL, screenwriter_id VARCHAR(255) DEFAULT NULL, title VARCHAR(128) NOT NULL, duration INTEGER NOT NULL, releaseDate DATE NOT NULL, PRIMARY KEY(id), CONSTRAINT FK_C61EED30899FB366 FOREIGN KEY (director_id) REFERENCES persons (id) NOT DEFERRABLE INITIALLY IMMEDIATE, CONSTRAINT FK_C61EED30497437B6 FOREIGN KEY (screenwriter_id) REFERENCES persons (id) NOT DEFERRABLE INITIALLY IMMEDIATE);
CREATE INDEX IDX_C61EED30899FB366 ON movies (director_id);
CREATE TABLE persons_roles(person_id VARCHAR(255) NOT NULL,role_id VARCHAR(255) NOT NULL,PRIMARY KEY(person_id, role_id),CONSTRAINT FK_A8BEA105217BBB47 FOREIGN KEY (person_id) REFERENCES persons (id) NOT DEFERRABLE INITIALLY IMMEDIATE, CONSTRAINT FK_A8BEA105D60322AC FOREIGN KEY (role_id) REFERENCES roles (id) NOT DEFERRABLE INITIALLY IMMEDIATE);
CREATE INDEX IDX_A8BEA105217BBB47 ON persons_roles (person_id);
CREATE INDEX IDX_A8BEA105D60322AC ON persons_roles (role_id);
CREATE TABLE movies_actors(movie_id VARCHAR(255) NOT NULL,actor_id VARCHAR(255) NOT NULL,PRIMARY KEY(movie_id, actor_id),CONSTRAINT FK_A85722518F93B6FC FOREIGN KEY (movie_id) REFERENCES movies (id) NOT DEFERRABLE INITIALLY IMMEDIATE, CONSTRAINT FK_A857225110DAF24A FOREIGN KEY (actor_id) REFERENCES persons (id) NOT DEFERRABLE INITIALLY IMMEDIATE);
CREATE INDEX IDX_A85722518F93B6FC ON movies_actors (movie_id);
CREATE INDEX IDX_A8572251217BBB47 ON movies_actors (actor_id);
CREATE TABLE movies_genres (movie_id VARCHAR(255) NOT NULL,genre_id VARCHAR(255) NOT NULL,PRIMARY KEY(movie_id, genre_id),FOREIGN KEY (movie_id) REFERENCES movies(id) NOT DEFERRABLE INITIALLY IMMEDIATE,FOREIGN KEY (genre_id) REFERENCES genres(id) NOT DEFERRABLE INITIALLY IMMEDIATE);
CREATE INDEX IDX_DF9737A28F93B6FC ON movies_genres (movie_id);
CREATE INDEX IDX_DF9737A24296D31F ON movies_genres (genre_id);
INSERT INTO genres VALUES('8949b4c3-e29c-4715-93d7-f8981d347241','action');
INSERT INTO genres VALUES('3f098c6b-dc56-473a-99c4-9a83a6764f06','thriller');
INSERT INTO genres VALUES('aaacc9b0-8562-4f35-989e-8988927d2c35','drama');
INSERT INTO genres VALUES('1cad194c-a384-4029-8685-5c57311a8291','crime');
INSERT INTO genres VALUES('4f22acae-fed2-4bab-9941-920e77ceb547','comedy');
INSERT INTO genres VALUES('9750f36a-3483-4e0b-b5aa-7aa1a8372aad','adventure');
INSERT INTO genres VALUES('c1293697-0aa9-45ff-a406-5a021cc6a17f','musical');
INSERT INTO genres VALUES('b244b557-b090-41b8-af8f-8831f8057eeb','biography');
INSERT INTO genres VALUES('6d4e8ed9-e0d0-4383-a88d-b7be7a0ee0b0','horror');
INSERT INTO genres VALUES('a2f0eedf-8b81-4fae-9b1a-7037a7555001','romance');
INSERT INTO genres VALUES('abf33bcf-92c8-4b00-8475-471c1c66b506','fantasy');
INSERT INTO roles VALUES('11095249-dce1-45b6-8863-c3361511d7a0','actor');
INSERT INTO roles VALUES('04214834-a628-49a8-944d-9a100dff571d','director');
INSERT INTO roles VALUES('6aca2948-e559-405e-92c3-aeec6ada3759','screenwriter');
INSERT INTO persons VALUES('8fa31305-a820-4c55-a284-5d9eb8324575','Ciro Guerra','1981-02-06');
INSERT INTO persons VALUES('a8e0717e-b11e-4b81-930a-d1126bb7630f','Nilbio Torres',NULL);
INSERT INTO persons VALUES('c9dd274e-d76b-42f2-9043-2489d302beca','Jan Bijvoet','1966-12-28');
INSERT INTO persons VALUES(' 78f9f6fb-0951-42c0-bf25-b62b185f6f1a','Antonio Bolívar',NULL);
INSERT INTO persons VALUES('42630d63-feaf-4e17-9521-a3cf9240fcdf','John Lendis','1950-08-03');
INSERT INTO persons VALUES('1613252a-bfd8-484d-b12f-497703f5047d','Dan Aykroyd','1951-07-01');
INSERT INTO persons VALUES('7026ffff-d44d-441a-9d61-fa4dc16e3cbc','John Belushi','1949-01-24');
INSERT INTO persons VALUES('d6a7f3e0-d3b5-4a83-b294-ac99032dec3c','Cab Calloway','1907-12-25');
INSERT INTO persons VALUES('9079cf34-211e-439e-97d1-09a0e3e67723','Ray Charles','1930-09-23');
INSERT INTO persons VALUES('4ffdc40a-4a1f-4192-8d21-bdbe4c4f358a','Jim Sheridan','1949-02-06');
INSERT INTO persons VALUES('776dc006-7364-4508-ab55-992436e80421','David Benioff',NULL);
INSERT INTO persons VALUES('193fffa8-7c77-4300-8f72-6dc4b696c7ee','Jake Gyllenhaal','1980-12-19');
INSERT INTO persons VALUES('1836ea48-4a5c-42a0-83cb-c29d42fe2457','Natalie Portman','1981-06-09');
INSERT INTO persons VALUES('95f74d27-4708-44f8-83d7-d03d27f9be34','Tobey Maguire','1975-06-27');
INSERT INTO persons VALUES('3e75aa4a-38cf-4c3f-9ac6-d48ebcaa83d0','Gabriele Muccino','1967-05-20');
INSERT INTO persons VALUES('d17c24bf-9c0f-481f-9255-28ffc260e633','Steve Conrad',NULL);
INSERT INTO persons VALUES('98bb1a1d-201a-40be-9dde-f4d7e26028cf','Will Smith','1968-08-25');
INSERT INTO persons VALUES('74ad7a36-2bed-4888-8102-399abf0f897f','Jaden Smith','1998-07-08');
INSERT INTO persons VALUES('6aacc4d2-956a-44e0-879f-a5dd53ff8d6b','Thandiwe Newton','2021-10-18');
INSERT INTO persons VALUES('fd2b03ef-7799-4d78-8207-b174e0b64107','Quentin Tarantino','1963-03-27');
INSERT INTO persons VALUES('cf0b9d48-357c-4b5c-b8af-dbdbfa1485ce','Pam Grier','1949-05-26');
INSERT INTO persons VALUES('726aa317-d408-410f-8fc8-02239ce7a31b','Samuel L Jackson','1948-12-21');
INSERT INTO persons VALUES('269b6105-67f9-458e-bb4f-137aa46d1323','Robert Forster','1941-07-13');
INSERT INTO persons VALUES('e85090de-87ca-48c3-83a3-2f61179da1ef','John Travolta','1954-02-18');
INSERT INTO persons VALUES('31147c1b-1180-444a-a0ec-eb24813546e5','Uma Thurman','1970-04-29');
INSERT INTO persons VALUES('7a2cfa69-f9d1-4d1e-83e9-582051351ebf','Stanley Kubrick','1928-07-26');
INSERT INTO persons VALUES('fc656217-4a5f-4bd2-9b06-7e0f84712cd1','Jack Nicholson','1937-04-22');
INSERT INTO persons VALUES('b99bbb99-3388-4ac9-8ded-a754dd67b679','Shelley Duvall','1949-07-07');
INSERT INTO persons VALUES('82493dcc-dee1-4dab-b5ce-baa389e4e89c','Dennis Hopper','1936-05-17');
INSERT INTO persons VALUES('2ddd53d7-d2e3-4952-8279-d1f556828e00','Peter Fonda','1940-02-23');
INSERT INTO persons VALUES('cb8f3c4d-d3d5-4c2c-8df6-58c136716f13','Antonio Banderas','1960-08-10');
INSERT INTO persons VALUES('22e8a4de-147c-4ef2-9f1a-80f92cd7ed0f','Brad Pitt','1963-12-18');
INSERT INTO persons VALUES('df0ee835-60fa-4e9d-905d-87ae852651f1','Tom Cruise','1962-07-03');
INSERT INTO persons VALUES('e3627651-82c1-4932-b940-cd9b0d4bafcf','Kristen Dunst','1982-04-30');
INSERT INTO persons VALUES('9dbae1e6-41c4-4ffb-a3c4-efc5d0e04987','Neil Jordan','1950-02-25');
INSERT INTO persons VALUES('90830f28-18ef-47d3-bd16-4bfd6bb190ca','Anne Rice','1941-10-04');
INSERT INTO persons VALUES('11f9e737-949d-4886-bce2-26e16d11eecf','Emir Kusturica','1954-11-24');
INSERT INTO persons VALUES('66ff11f6-645e-455c-9141-89e3a51a67cf','Gordan Mihic','1983-09-19');
INSERT INTO persons VALUES('94fbca76-5bf3-4a91-a3e9-51f3d87665eb','Bajram Severdžan',NULL);
INSERT INTO persons VALUES('e33ee7f7-fdd7-4a44-b0ab-fc1b9d41dd36','Branka Katić','1970-01-20');
INSERT INTO persons VALUES('20b80fe0-2bc6-4d41-bee4-af3109be1a2f','Johnny Depp','1963-06-09');
INSERT INTO persons VALUES('321c38c0-7565-4808-b798-dc563c6521e1','David Atkins',NULL);
INSERT INTO persons VALUES('6e05e344-45ea-463a-97ad-c26f77acfd66','Lili Taylor','1967-02-20');
INSERT INTO persons VALUES('994dc408-b65a-461f-96f7-4ea17eadf156','Faye Dunaway','1941-01-14');
INSERT INTO persons VALUES('b73efe72-1e4c-40cc-a681-ef9acbc67882','Bora Todorović','1930-11-05');
INSERT INTO persons VALUES('22211485-5227-47dc-ac7b-e88d85b342f2','Davor Dujmović','1969-09-20');
INSERT INTO persons VALUES('a6b42b55-d6f0-4505-bb40-900c02c22f29','Ljubica Adžović',NULL);
INSERT INTO persons VALUES('ffab874b-1c20-4d97-a88d-9f42fd54cdd5','Luis Ortega','1980-07-12');
INSERT INTO persons VALUES('a21a6bf9-5f89-4e1a-8ccc-92c32f0b15e3','Lorenzo Ferro','1998-11-09');
INSERT INTO persons VALUES('207dc0e4-1f67-49f6-8cf4-5ca43c7713ef','Chino Darrin','1989-01-14');
INSERT INTO persons VALUES('21e8e28a-a3e4-4ab0-b9ef-74825eaafdbc','Daniel Fanego','1955-03-30');
INSERT INTO persons VALUES('ba277ad9-830a-4fa2-bb63-fd3002c0aa06','Alejandro González Iñárritu','1963-08-15');
INSERT INTO persons VALUES('ccb24aef-461f-4310-9f54-39bdf7bdefd3','Guillermo Arriaga','1958-03-13');
INSERT INTO persons VALUES('e5be0c71-2b5e-4aa3-b548-12d53fff062c','Gael García Bernal','1978-11-30');
INSERT INTO persons VALUES('5e77170d-5a0d-4955-9a0d-59451c87bccc','Emilio Echevarría',NULL);
INSERT INTO persons VALUES('e2d6be24-facb-4f4c-8d7f-a46cc9807642','Vanessa Bauche','1973-02-18');
INSERT INTO persons VALUES('586402d0-886d-47c8-9580-a4805c0e4720','Wes Anderson','1969-05-01');
INSERT INTO persons VALUES('894eba4a-9ce4-47ca-b1da-9409b68b3344','Owen Wilson','1968-11-18');
INSERT INTO persons VALUES('e30bf766-0a39-4592-bd17-aa3fc325f0f7','Gene Hackman','1930-01-30');
INSERT INTO persons VALUES('0b5d132c-df8a-4057-9967-d5bb1b06e3e7','Anjelica Huston','1951-07-08');
INSERT INTO persons VALUES('d526d85f-cd0d-496d-82c7-6470fab602aa','Ben Stiller','1965-11-30');
INSERT INTO persons VALUES('fba722d8-57ab-409f-9d04-69bdf5e15d9d','Gwyneth Paltrow','1972-09-27');
INSERT INTO persons VALUES('438a03fb-9ef4-47f4-80ba-47a9ce37b450','Luke Wilson','1971-09-20');
INSERT INTO movies VALUES('718a7d10-79bf-41c9-8298-1231a46de186','8fa31305-a820-4c55-a284-5d9eb8324575','8fa31305-a820-4c55-a284-5d9eb8324575','El abrazo de la serpiente',125,'2015-05-25');
INSERT INTO movies VALUES('4bf163b5-f43b-4447-a1d5-a930ef2cd6b5','42630d63-feaf-4e17-9521-a3cf9240fcdf','1613252a-bfd8-484d-b12f-497703f5047d','Blues Brothers',133,'1980-06-20');
INSERT INTO movies VALUES('da5cac0c-8a12-4afe-b841-252be080413d','4ffdc40a-4a1f-4192-8d21-bdbe4c4f358a','776dc006-7364-4508-ab55-992436e80421','Brothers',104,'2009-11-22');
INSERT INTO movies VALUES('34815046-287c-49c0-b1c7-23d3cb50a75a','3e75aa4a-38cf-4c3f-9ac6-d48ebcaa83d0','d17c24bf-9c0f-481f-9255-28ffc260e633','The Pursuit of Happyness',117,'2006-12-15');
INSERT INTO movies VALUES('1347719e-0fd9-495f-8fd3-e73b41b1c423','fd2b03ef-7799-4d78-8207-b174e0b64107','fd2b03ef-7799-4d78-8207-b174e0b64107','Jackie Brown',154,'1997-12-08');
INSERT INTO movies VALUES('4d415e68-5a9c-4d07-911f-1bc379afd7c7','fd2b03ef-7799-4d78-8207-b174e0b64107','fd2b03ef-7799-4d78-8207-b174e0b64107','Pulp Fiction',154,'1994-05-21');
INSERT INTO movies VALUES('6d4ea4c6-ac06-4c60-a1a0-4d3eef54103d','7a2cfa69-f9d1-4d1e-83e9-582051351ebf','7a2cfa69-f9d1-4d1e-83e9-582051351ebf','The shining',146,'1980-05-23');
INSERT INTO movies VALUES('8bf073b2-68c4-4d7a-b3e9-d6b517e543b9','82493dcc-dee1-4dab-b5ce-baa389e4e89c','2ddd53d7-d2e3-4952-8279-d1f556828e00','Easy Rider',94,'1969-05-08');
INSERT INTO movies VALUES('939b23a2-9a8d-4d0b-be62-d7940a104381','9dbae1e6-41c4-4ffb-a3c4-efc5d0e04987','90830f28-18ef-47d3-bd16-4bfd6bb190ca','Interview with the Vampire: The Vampire Chronicles',123,'1994-11-09');
INSERT INTO movies VALUES('e2ce83d6-0ea7-4aaf-90c3-35dff4974ff1','11f9e737-949d-4886-bce2-26e16d11eecf','66ff11f6-645e-455c-9141-89e3a51a67cf','Crna mačka, beli mačor',120,'1998-06-01');
INSERT INTO movies VALUES('a3ca6c4f-dbf5-4639-876d-ea63374fded9','11f9e737-949d-4886-bce2-26e16d11eecf','321c38c0-7565-4808-b798-dc563c6521e1','Arizona Dream',142,'1993-01-06');
INSERT INTO movies VALUES('b5fecfaa-3353-4ecd-8ade-7c8927cdb75b','11f9e737-949d-4886-bce2-26e16d11eecf','66ff11f6-645e-455c-9141-89e3a51a67cf','Dom za vješanje',142,'1988-12-21');
INSERT INTO movies VALUES('9da08f33-42ad-4b96-a0b9-2a7edef98b40','ffab874b-1c20-4d97-a88d-9f42fd54cdd5','ffab874b-1c20-4d97-a88d-9f42fd54cdd5','El ángel',115,'2018-05-11');
INSERT INTO movies VALUES('75d35393-2b27-4cdc-b414-87e73a07c93f','ba277ad9-830a-4fa2-bb63-fd3002c0aa06','ccb24aef-461f-4310-9f54-39bdf7bdefd3','Amores Perros',153,'2000-05-14');
INSERT INTO movies VALUES('57069652-b629-4184-acc6-ba6ff549185b','586402d0-886d-47c8-9580-a4805c0e4720','894eba4a-9ce4-47ca-b1da-9409b68b3344','The Royal Tenenbaums',109,'2001-11-05');
INSERT INTO movies_genres VALUES('718a7d10-79bf-41c9-8298-1231a46de186','b244b557-b090-41b8-af8f-8831f8057eeb');
INSERT INTO movies_genres VALUES('718a7d10-79bf-41c9-8298-1231a46de186','aaacc9b0-8562-4f35-989e-8988927d2c35');
INSERT INTO movies_genres VALUES('718a7d10-79bf-41c9-8298-1231a46de186','9750f36a-3483-4e0b-b5aa-7aa1a8372aad');
INSERT INTO movies_genres VALUES('4bf163b5-f43b-4447-a1d5-a930ef2cd6b5','8949b4c3-e29c-4715-93d7-f8981d347241');
INSERT INTO movies_genres VALUES('4bf163b5-f43b-4447-a1d5-a930ef2cd6b5','1cad194c-a384-4029-8685-5c57311a8291');
INSERT INTO movies_genres VALUES('4bf163b5-f43b-4447-a1d5-a930ef2cd6b5','4f22acae-fed2-4bab-9941-920e77ceb547');
INSERT INTO movies_genres VALUES('4bf163b5-f43b-4447-a1d5-a930ef2cd6b5','c1293697-0aa9-45ff-a406-5a021cc6a17f');
INSERT INTO movies_genres VALUES('da5cac0c-8a12-4afe-b841-252be080413d','8949b4c3-e29c-4715-93d7-f8981d347241');
INSERT INTO movies_genres VALUES('da5cac0c-8a12-4afe-b841-252be080413d','aaacc9b0-8562-4f35-989e-8988927d2c35');
INSERT INTO movies_genres VALUES('da5cac0c-8a12-4afe-b841-252be080413d','3f098c6b-dc56-473a-99c4-9a83a6764f06');
INSERT INTO movies_genres VALUES('34815046-287c-49c0-b1c7-23d3cb50a75a','b244b557-b090-41b8-af8f-8831f8057eeb');
INSERT INTO movies_genres VALUES('34815046-287c-49c0-b1c7-23d3cb50a75a','aaacc9b0-8562-4f35-989e-8988927d2c35');
INSERT INTO movies_genres VALUES('1347719e-0fd9-495f-8fd3-e73b41b1c423','1cad194c-a384-4029-8685-5c57311a8291');
INSERT INTO movies_genres VALUES('1347719e-0fd9-495f-8fd3-e73b41b1c423','3f098c6b-dc56-473a-99c4-9a83a6764f06');
INSERT INTO movies_genres VALUES('4d415e68-5a9c-4d07-911f-1bc379afd7c7','1cad194c-a384-4029-8685-5c57311a8291');
INSERT INTO movies_genres VALUES('4d415e68-5a9c-4d07-911f-1bc379afd7c7','aaacc9b0-8562-4f35-989e-8988927d2c35');
INSERT INTO movies_genres VALUES('6d4ea4c6-ac06-4c60-a1a0-4d3eef54103d','6d4e8ed9-e0d0-4383-a88d-b7be7a0ee0b0');
INSERT INTO movies_genres VALUES('8bf073b2-68c4-4d7a-b3e9-d6b517e543b9','9750f36a-3483-4e0b-b5aa-7aa1a8372aad');
INSERT INTO movies_genres VALUES('8bf073b2-68c4-4d7a-b3e9-d6b517e543b9','aaacc9b0-8562-4f35-989e-8988927d2c35');
INSERT INTO movies_genres VALUES('939b23a2-9a8d-4d0b-be62-d7940a104381','aaacc9b0-8562-4f35-989e-8988927d2c35');
INSERT INTO movies_genres VALUES('939b23a2-9a8d-4d0b-be62-d7940a104381','6d4e8ed9-e0d0-4383-a88d-b7be7a0ee0b0');
INSERT INTO movies_genres VALUES('e2ce83d6-0ea7-4aaf-90c3-35dff4974ff1','4f22acae-fed2-4bab-9941-920e77ceb547');
INSERT INTO movies_genres VALUES('e2ce83d6-0ea7-4aaf-90c3-35dff4974ff1','a2f0eedf-8b81-4fae-9b1a-7037a7555001');
INSERT INTO movies_genres VALUES('e2ce83d6-0ea7-4aaf-90c3-35dff4974ff1','c1293697-0aa9-45ff-a406-5a021cc6a17f');
INSERT INTO movies_genres VALUES('a3ca6c4f-dbf5-4639-876d-ea63374fded9','aaacc9b0-8562-4f35-989e-8988927d2c35');
INSERT INTO movies_genres VALUES('a3ca6c4f-dbf5-4639-876d-ea63374fded9','4f22acae-fed2-4bab-9941-920e77ceb547');
INSERT INTO movies_genres VALUES('a3ca6c4f-dbf5-4639-876d-ea63374fded9','abf33bcf-92c8-4b00-8475-471c1c66b506');
INSERT INTO movies_genres VALUES('b5fecfaa-3353-4ecd-8ade-7c8927cdb75b','aaacc9b0-8562-4f35-989e-8988927d2c35');
INSERT INTO movies_genres VALUES('b5fecfaa-3353-4ecd-8ade-7c8927cdb75b','abf33bcf-92c8-4b00-8475-471c1c66b506');
INSERT INTO movies_genres VALUES('b5fecfaa-3353-4ecd-8ade-7c8927cdb75b','4f22acae-fed2-4bab-9941-920e77ceb547');
INSERT INTO movies_genres VALUES('9da08f33-42ad-4b96-a0b9-2a7edef98b40','b244b557-b090-41b8-af8f-8831f8057eeb');
INSERT INTO movies_genres VALUES('9da08f33-42ad-4b96-a0b9-2a7edef98b40','aaacc9b0-8562-4f35-989e-8988927d2c35');
INSERT INTO movies_genres VALUES('75d35393-2b27-4cdc-b414-87e73a07c93f','aaacc9b0-8562-4f35-989e-8988927d2c35');
INSERT INTO movies_genres VALUES('75d35393-2b27-4cdc-b414-87e73a07c93f','3f098c6b-dc56-473a-99c4-9a83a6764f06');
INSERT INTO movies_genres VALUES('57069652-b629-4184-acc6-ba6ff549185b','aaacc9b0-8562-4f35-989e-8988927d2c35');
INSERT INTO movies_genres VALUES('57069652-b629-4184-acc6-ba6ff549185b','4f22acae-fed2-4bab-9941-920e77ceb547');
INSERT INTO movies_actors VALUES('718a7d10-79bf-41c9-8298-1231a46de186','c9dd274e-d76b-42f2-9043-2489d302beca');
INSERT INTO movies_actors VALUES('718a7d10-79bf-41c9-8298-1231a46de186','a8e0717e-b11e-4b81-930a-d1126bb7630f');
INSERT INTO movies_actors VALUES('718a7d10-79bf-41c9-8298-1231a46de186',' 78f9f6fb-0951-42c0-bf25-b62b185f6f1a');
INSERT INTO movies_actors VALUES('4bf163b5-f43b-4447-a1d5-a930ef2cd6b5','1613252a-bfd8-484d-b12f-497703f5047d');
INSERT INTO movies_actors VALUES('4bf163b5-f43b-4447-a1d5-a930ef2cd6b5','7026ffff-d44d-441a-9d61-fa4dc16e3cbc');
INSERT INTO movies_actors VALUES('4bf163b5-f43b-4447-a1d5-a930ef2cd6b5','d6a7f3e0-d3b5-4a83-b294-ac99032dec3c');
INSERT INTO movies_actors VALUES('4bf163b5-f43b-4447-a1d5-a930ef2cd6b5','9079cf34-211e-439e-97d1-09a0e3e67723');
INSERT INTO movies_actors VALUES('da5cac0c-8a12-4afe-b841-252be080413d','193fffa8-7c77-4300-8f72-6dc4b696c7ee');
INSERT INTO movies_actors VALUES('da5cac0c-8a12-4afe-b841-252be080413d','1836ea48-4a5c-42a0-83cb-c29d42fe2457');
INSERT INTO movies_actors VALUES('da5cac0c-8a12-4afe-b841-252be080413d','95f74d27-4708-44f8-83d7-d03d27f9be34');
INSERT INTO movies_actors VALUES('34815046-287c-49c0-b1c7-23d3cb50a75a','98bb1a1d-201a-40be-9dde-f4d7e26028cf');
INSERT INTO movies_actors VALUES('34815046-287c-49c0-b1c7-23d3cb50a75a','6aacc4d2-956a-44e0-879f-a5dd53ff8d6b');
INSERT INTO movies_actors VALUES('34815046-287c-49c0-b1c7-23d3cb50a75a','74ad7a36-2bed-4888-8102-399abf0f897f');
INSERT INTO movies_actors VALUES('1347719e-0fd9-495f-8fd3-e73b41b1c423','cf0b9d48-357c-4b5c-b8af-dbdbfa1485ce');
INSERT INTO movies_actors VALUES('1347719e-0fd9-495f-8fd3-e73b41b1c423','726aa317-d408-410f-8fc8-02239ce7a31b');
INSERT INTO movies_actors VALUES('1347719e-0fd9-495f-8fd3-e73b41b1c423','269b6105-67f9-458e-bb4f-137aa46d1323');
INSERT INTO movies_actors VALUES('4d415e68-5a9c-4d07-911f-1bc379afd7c7','e85090de-87ca-48c3-83a3-2f61179da1ef');
INSERT INTO movies_actors VALUES('4d415e68-5a9c-4d07-911f-1bc379afd7c7','31147c1b-1180-444a-a0ec-eb24813546e5');
INSERT INTO movies_actors VALUES('4d415e68-5a9c-4d07-911f-1bc379afd7c7','726aa317-d408-410f-8fc8-02239ce7a31b');
INSERT INTO movies_actors VALUES('6d4ea4c6-ac06-4c60-a1a0-4d3eef54103d','fc656217-4a5f-4bd2-9b06-7e0f84712cd1');
INSERT INTO movies_actors VALUES('8bf073b2-68c4-4d7a-b3e9-d6b517e543b9','82493dcc-dee1-4dab-b5ce-baa389e4e89c');
INSERT INTO movies_actors VALUES('8bf073b2-68c4-4d7a-b3e9-d6b517e543b9','2ddd53d7-d2e3-4952-8279-d1f556828e00');
INSERT INTO movies_actors VALUES('8bf073b2-68c4-4d7a-b3e9-d6b517e543b9','fc656217-4a5f-4bd2-9b06-7e0f84712cd1');
INSERT INTO movies_actors VALUES('939b23a2-9a8d-4d0b-be62-d7940a104381','22e8a4de-147c-4ef2-9f1a-80f92cd7ed0f');
INSERT INTO movies_actors VALUES('939b23a2-9a8d-4d0b-be62-d7940a104381','df0ee835-60fa-4e9d-905d-87ae852651f1');
INSERT INTO movies_actors VALUES('939b23a2-9a8d-4d0b-be62-d7940a104381','cb8f3c4d-d3d5-4c2c-8df6-58c136716f13');
INSERT INTO movies_actors VALUES('939b23a2-9a8d-4d0b-be62-d7940a104381','e3627651-82c1-4932-b940-cd9b0d4bafcf');
INSERT INTO movies_actors VALUES('e2ce83d6-0ea7-4aaf-90c3-35dff4974ff1','94fbca76-5bf3-4a91-a3e9-51f3d87665eb');
INSERT INTO movies_actors VALUES('e2ce83d6-0ea7-4aaf-90c3-35dff4974ff1','e33ee7f7-fdd7-4a44-b0ab-fc1b9d41dd36');
INSERT INTO movies_actors VALUES('a3ca6c4f-dbf5-4639-876d-ea63374fded9','20b80fe0-2bc6-4d41-bee4-af3109be1a2f');
INSERT INTO movies_actors VALUES('a3ca6c4f-dbf5-4639-876d-ea63374fded9','6e05e344-45ea-463a-97ad-c26f77acfd66');
INSERT INTO movies_actors VALUES('a3ca6c4f-dbf5-4639-876d-ea63374fded9','994dc408-b65a-461f-96f7-4ea17eadf156');
INSERT INTO movies_actors VALUES('b5fecfaa-3353-4ecd-8ade-7c8927cdb75b','b73efe72-1e4c-40cc-a681-ef9acbc67882');
INSERT INTO movies_actors VALUES('b5fecfaa-3353-4ecd-8ade-7c8927cdb75b','a6b42b55-d6f0-4505-bb40-900c02c22f29');
INSERT INTO movies_actors VALUES('b5fecfaa-3353-4ecd-8ade-7c8927cdb75b','22211485-5227-47dc-ac7b-e88d85b342f2');
INSERT INTO movies_actors VALUES('9da08f33-42ad-4b96-a0b9-2a7edef98b40','a21a6bf9-5f89-4e1a-8ccc-92c32f0b15e3');
INSERT INTO movies_actors VALUES('9da08f33-42ad-4b96-a0b9-2a7edef98b40','207dc0e4-1f67-49f6-8cf4-5ca43c7713ef');
INSERT INTO movies_actors VALUES('9da08f33-42ad-4b96-a0b9-2a7edef98b40','21e8e28a-a3e4-4ab0-b9ef-74825eaafdbc');
INSERT INTO movies_actors VALUES('75d35393-2b27-4cdc-b414-87e73a07c93f','e5be0c71-2b5e-4aa3-b548-12d53fff062c');
INSERT INTO movies_actors VALUES('75d35393-2b27-4cdc-b414-87e73a07c93f','5e77170d-5a0d-4955-9a0d-59451c87bccc');
INSERT INTO movies_actors VALUES('75d35393-2b27-4cdc-b414-87e73a07c93f','e2d6be24-facb-4f4c-8d7f-a46cc9807642');
INSERT INTO movies_actors VALUES('57069652-b629-4184-acc6-ba6ff549185b','e30bf766-0a39-4592-bd17-aa3fc325f0f7');
INSERT INTO movies_actors VALUES('57069652-b629-4184-acc6-ba6ff549185b','0b5d132c-df8a-4057-9967-d5bb1b06e3e7');
INSERT INTO movies_actors VALUES('57069652-b629-4184-acc6-ba6ff549185b','d526d85f-cd0d-496d-82c7-6470fab602aa');
INSERT INTO movies_actors VALUES('57069652-b629-4184-acc6-ba6ff549185b','fba722d8-57ab-409f-9d04-69bdf5e15d9d');
INSERT INTO movies_actors VALUES('57069652-b629-4184-acc6-ba6ff549185b','438a03fb-9ef4-47f4-80ba-47a9ce37b450');
INSERT INTO movies_actors VALUES('57069652-b629-4184-acc6-ba6ff549185b','894eba4a-9ce4-47ca-b1da-9409b68b3344');
INSERT INTO persons_roles VALUES('8fa31305-a820-4c55-a284-5d9eb8324575','04214834-a628-49a8-944d-9a100dff571d');
INSERT INTO persons_roles VALUES('8fa31305-a820-4c55-a284-5d9eb8324575','6aca2948-e559-405e-92c3-aeec6ada3759');
INSERT INTO persons_roles VALUES('a8e0717e-b11e-4b81-930a-d1126bb7630f','11095249-dce1-45b6-8863-c3361511d7a0');
INSERT INTO persons_roles VALUES('c9dd274e-d76b-42f2-9043-2489d302beca','11095249-dce1-45b6-8863-c3361511d7a0');
INSERT INTO persons_roles VALUES(' 78f9f6fb-0951-42c0-bf25-b62b185f6f1a','11095249-dce1-45b6-8863-c3361511d7a0');
INSERT INTO persons_roles VALUES('42630d63-feaf-4e17-9521-a3cf9240fcdf','04214834-a628-49a8-944d-9a100dff571d');
INSERT INTO persons_roles VALUES('1613252a-bfd8-484d-b12f-497703f5047d','11095249-dce1-45b6-8863-c3361511d7a0');
INSERT INTO persons_roles VALUES('1613252a-bfd8-484d-b12f-497703f5047d','6aca2948-e559-405e-92c3-aeec6ada3759');
INSERT INTO persons_roles VALUES('7026ffff-d44d-441a-9d61-fa4dc16e3cbc','11095249-dce1-45b6-8863-c3361511d7a0');
INSERT INTO persons_roles VALUES('d6a7f3e0-d3b5-4a83-b294-ac99032dec3c','11095249-dce1-45b6-8863-c3361511d7a0');
INSERT INTO persons_roles VALUES('9079cf34-211e-439e-97d1-09a0e3e67723','11095249-dce1-45b6-8863-c3361511d7a0');
INSERT INTO persons_roles VALUES('4ffdc40a-4a1f-4192-8d21-bdbe4c4f358a','04214834-a628-49a8-944d-9a100dff571d');
INSERT INTO persons_roles VALUES('776dc006-7364-4508-ab55-992436e80421','6aca2948-e559-405e-92c3-aeec6ada3759');
INSERT INTO persons_roles VALUES('193fffa8-7c77-4300-8f72-6dc4b696c7ee','11095249-dce1-45b6-8863-c3361511d7a0');
INSERT INTO persons_roles VALUES('1836ea48-4a5c-42a0-83cb-c29d42fe2457','11095249-dce1-45b6-8863-c3361511d7a0');
INSERT INTO persons_roles VALUES('95f74d27-4708-44f8-83d7-d03d27f9be34','11095249-dce1-45b6-8863-c3361511d7a0');
INSERT INTO persons_roles VALUES('3e75aa4a-38cf-4c3f-9ac6-d48ebcaa83d0','04214834-a628-49a8-944d-9a100dff571d');
INSERT INTO persons_roles VALUES('d17c24bf-9c0f-481f-9255-28ffc260e633','6aca2948-e559-405e-92c3-aeec6ada3759');
INSERT INTO persons_roles VALUES('98bb1a1d-201a-40be-9dde-f4d7e26028cf','11095249-dce1-45b6-8863-c3361511d7a0');
INSERT INTO persons_roles VALUES('74ad7a36-2bed-4888-8102-399abf0f897f','11095249-dce1-45b6-8863-c3361511d7a0');
INSERT INTO persons_roles VALUES('6aacc4d2-956a-44e0-879f-a5dd53ff8d6b','11095249-dce1-45b6-8863-c3361511d7a0');
INSERT INTO persons_roles VALUES('fd2b03ef-7799-4d78-8207-b174e0b64107','04214834-a628-49a8-944d-9a100dff571d');
INSERT INTO persons_roles VALUES('fd2b03ef-7799-4d78-8207-b174e0b64107','6aca2948-e559-405e-92c3-aeec6ada3759');
INSERT INTO persons_roles VALUES('fd2b03ef-7799-4d78-8207-b174e0b64107','11095249-dce1-45b6-8863-c3361511d7a0');
INSERT INTO persons_roles VALUES('cf0b9d48-357c-4b5c-b8af-dbdbfa1485ce','11095249-dce1-45b6-8863-c3361511d7a0');
INSERT INTO persons_roles VALUES('726aa317-d408-410f-8fc8-02239ce7a31b','11095249-dce1-45b6-8863-c3361511d7a0');
INSERT INTO persons_roles VALUES('269b6105-67f9-458e-bb4f-137aa46d1323','11095249-dce1-45b6-8863-c3361511d7a0');
INSERT INTO persons_roles VALUES('e85090de-87ca-48c3-83a3-2f61179da1ef','11095249-dce1-45b6-8863-c3361511d7a0');
INSERT INTO persons_roles VALUES('31147c1b-1180-444a-a0ec-eb24813546e5','11095249-dce1-45b6-8863-c3361511d7a0');
INSERT INTO persons_roles VALUES('7a2cfa69-f9d1-4d1e-83e9-582051351ebf','04214834-a628-49a8-944d-9a100dff571d');
INSERT INTO persons_roles VALUES('7a2cfa69-f9d1-4d1e-83e9-582051351ebf','6aca2948-e559-405e-92c3-aeec6ada3759');
INSERT INTO persons_roles VALUES('fc656217-4a5f-4bd2-9b06-7e0f84712cd1','11095249-dce1-45b6-8863-c3361511d7a0');
INSERT INTO persons_roles VALUES('b99bbb99-3388-4ac9-8ded-a754dd67b679','11095249-dce1-45b6-8863-c3361511d7a0');
INSERT INTO persons_roles VALUES('82493dcc-dee1-4dab-b5ce-baa389e4e89c','04214834-a628-49a8-944d-9a100dff571d');
INSERT INTO persons_roles VALUES('82493dcc-dee1-4dab-b5ce-baa389e4e89c','6aca2948-e559-405e-92c3-aeec6ada3759');
INSERT INTO persons_roles VALUES('82493dcc-dee1-4dab-b5ce-baa389e4e89c','11095249-dce1-45b6-8863-c3361511d7a0');
INSERT INTO persons_roles VALUES('2ddd53d7-d2e3-4952-8279-d1f556828e00','04214834-a628-49a8-944d-9a100dff571d');
INSERT INTO persons_roles VALUES('2ddd53d7-d2e3-4952-8279-d1f556828e00','6aca2948-e559-405e-92c3-aeec6ada3759');
INSERT INTO persons_roles VALUES('2ddd53d7-d2e3-4952-8279-d1f556828e00','11095249-dce1-45b6-8863-c3361511d7a0');
INSERT INTO persons_roles VALUES('cb8f3c4d-d3d5-4c2c-8df6-58c136716f13','11095249-dce1-45b6-8863-c3361511d7a0');
INSERT INTO persons_roles VALUES('22e8a4de-147c-4ef2-9f1a-80f92cd7ed0f','11095249-dce1-45b6-8863-c3361511d7a0');
INSERT INTO persons_roles VALUES('df0ee835-60fa-4e9d-905d-87ae852651f1','11095249-dce1-45b6-8863-c3361511d7a0');
INSERT INTO persons_roles VALUES('9dbae1e6-41c4-4ffb-a3c4-efc5d0e04987','04214834-a628-49a8-944d-9a100dff571d');
INSERT INTO persons_roles VALUES('90830f28-18ef-47d3-bd16-4bfd6bb190ca','6aca2948-e559-405e-92c3-aeec6ada3759');
INSERT INTO persons_roles VALUES('11f9e737-949d-4886-bce2-26e16d11eecf','04214834-a628-49a8-944d-9a100dff571d');
INSERT INTO persons_roles VALUES('11f9e737-949d-4886-bce2-26e16d11eecf','6aca2948-e559-405e-92c3-aeec6ada3759');
INSERT INTO persons_roles VALUES('66ff11f6-645e-455c-9141-89e3a51a67cf','6aca2948-e559-405e-92c3-aeec6ada3759');
INSERT INTO persons_roles VALUES('94fbca76-5bf3-4a91-a3e9-51f3d87665eb','11095249-dce1-45b6-8863-c3361511d7a0');
INSERT INTO persons_roles VALUES('e33ee7f7-fdd7-4a44-b0ab-fc1b9d41dd36','11095249-dce1-45b6-8863-c3361511d7a0');
INSERT INTO persons_roles VALUES('20b80fe0-2bc6-4d41-bee4-af3109be1a2f','11095249-dce1-45b6-8863-c3361511d7a0');
INSERT INTO persons_roles VALUES('321c38c0-7565-4808-b798-dc563c6521e1','6aca2948-e559-405e-92c3-aeec6ada3759');
INSERT INTO persons_roles VALUES('6e05e344-45ea-463a-97ad-c26f77acfd66','11095249-dce1-45b6-8863-c3361511d7a0');
INSERT INTO persons_roles VALUES('994dc408-b65a-461f-96f7-4ea17eadf156','11095249-dce1-45b6-8863-c3361511d7a0');
INSERT INTO persons_roles VALUES('b73efe72-1e4c-40cc-a681-ef9acbc67882','11095249-dce1-45b6-8863-c3361511d7a0');
INSERT INTO persons_roles VALUES('22211485-5227-47dc-ac7b-e88d85b342f2','11095249-dce1-45b6-8863-c3361511d7a0');
INSERT INTO persons_roles VALUES('a6b42b55-d6f0-4505-bb40-900c02c22f29','11095249-dce1-45b6-8863-c3361511d7a0');
INSERT INTO persons_roles VALUES('ffab874b-1c20-4d97-a88d-9f42fd54cdd5','04214834-a628-49a8-944d-9a100dff571d');
INSERT INTO persons_roles VALUES('ffab874b-1c20-4d97-a88d-9f42fd54cdd5','6aca2948-e559-405e-92c3-aeec6ada3759');
INSERT INTO persons_roles VALUES('a21a6bf9-5f89-4e1a-8ccc-92c32f0b15e3','11095249-dce1-45b6-8863-c3361511d7a0');
INSERT INTO persons_roles VALUES('207dc0e4-1f67-49f6-8cf4-5ca43c7713ef','11095249-dce1-45b6-8863-c3361511d7a0');
INSERT INTO persons_roles VALUES('21e8e28a-a3e4-4ab0-b9ef-74825eaafdbc','11095249-dce1-45b6-8863-c3361511d7a0');
INSERT INTO persons_roles VALUES('ba277ad9-830a-4fa2-bb63-fd3002c0aa06','04214834-a628-49a8-944d-9a100dff571d');
INSERT INTO persons_roles VALUES('ccb24aef-461f-4310-9f54-39bdf7bdefd3','6aca2948-e559-405e-92c3-aeec6ada3759');
INSERT INTO persons_roles VALUES('e5be0c71-2b5e-4aa3-b548-12d53fff062c','11095249-dce1-45b6-8863-c3361511d7a0');
INSERT INTO persons_roles VALUES('5e77170d-5a0d-4955-9a0d-59451c87bccc','11095249-dce1-45b6-8863-c3361511d7a0');
INSERT INTO persons_roles VALUES('e2d6be24-facb-4f4c-8d7f-a46cc9807642','11095249-dce1-45b6-8863-c3361511d7a0');
INSERT INTO persons_roles VALUES('586402d0-886d-47c8-9580-a4805c0e4720','04214834-a628-49a8-944d-9a100dff571d');
INSERT INTO persons_roles VALUES('894eba4a-9ce4-47ca-b1da-9409b68b3344','11095249-dce1-45b6-8863-c3361511d7a0');
INSERT INTO persons_roles VALUES('894eba4a-9ce4-47ca-b1da-9409b68b3344','6aca2948-e559-405e-92c3-aeec6ada3759');
INSERT INTO persons_roles VALUES('e30bf766-0a39-4592-bd17-aa3fc325f0f7','11095249-dce1-45b6-8863-c3361511d7a0');
INSERT INTO persons_roles VALUES('0b5d132c-df8a-4057-9967-d5bb1b06e3e7','11095249-dce1-45b6-8863-c3361511d7a0');
INSERT INTO persons_roles VALUES('d526d85f-cd0d-496d-82c7-6470fab602aa','11095249-dce1-45b6-8863-c3361511d7a0');
INSERT INTO persons_roles VALUES('fba722d8-57ab-409f-9d04-69bdf5e15d9d','11095249-dce1-45b6-8863-c3361511d7a0');
INSERT INTO persons_roles VALUES('438a03fb-9ef4-47f4-80ba-47a9ce37b450','11095249-dce1-45b6-8863-c3361511d7a0');










